<?xml version="1.0" encoding="UTF-8"?>
<project-private xmlns="http://www.netbeans.org/ns/project-private/1">
    <editor-bookmarks xmlns="http://www.netbeans.org/ns/editor-bookmarks/1"/>
    <open-files xmlns="http://www.netbeans.org/ns/projectui-open-files/1">
        <file>file:/G:/docbill/cygwin/source/sourceforge/javadjvu/ChangeLog.txt</file>
        <file>file:/G:/docbill/cygwin/source/sourceforge/javadjvu/build.properties</file>
        <file>file:/G:/docbill/cygwin/source/sourceforge/javadjvu/build.xml</file>
        <file>file:/G:/docbill/cygwin/source/sourceforge/javadjvu/src/com/lizardtech/djview/Applet.java</file>
        <file>file:/G:/docbill/cygwin/source/sourceforge/javadjvu/src/com/lizardtech/djvu/CachedInputStream.java</file>
        <file>file:/G:/docbill/cygwin/source/sourceforge/javadjvu/src/com/lizardtech/djvu/DjVuPage.java</file>
        <file>file:/G:/docbill/cygwin/source/sourceforge/javadjvu/src/com/lizardtech/djvu/IWPixmap.java</file>
        <file>file:/G:/docbill/cygwin/source/sourceforge/javadjvu/src/com/lizardtech/djvu/anno/DjVuAnno.java</file>
        <file>file:/G:/docbill/cygwin/source/sourceforge/javadjvu/src/com/lizardtech/djvu/outline/Bookmark.java</file>
        <file>file:/G:/docbill/cygwin/source/sourceforge/javadjvu/src/com/lizardtech/djvu/text/DjVuText.java</file>
    </open-files>
</project-private>
